{
    "nodes": [
        {
            "name": "Example Node 1",
            "id": 0,
            "x": 0,
            "y": 0,
            "width": 350,
            "inputConnectors": [
                {
                    "name": "A"
                },
                {
                    "name": "B"
                },
                {
                    "name": "C"
                }
            ],
            "outputConnectors": [
                {
                    "name": "A"
                },
                {
                    "name": "B"
                },
                {
                    "name": "C"
                }
            ]
        },

        {
            "name": "Example Node 2",
            "id": 1,
            "x": 400,
            "y": 200,
            "inputConnectors": [
                {
                    "name": "A"
                },
                {
                    "name": "B"
                },
                {
                    "name": "C"
                }
            ],
            "outputConnectors": [
                {
                    "name": "A"
                },
                {
                    "name": "B"
                },
                {
                    "name": "C"
                }
            ]
        }

    ],

    "connections": [
        {
            "name":"Connection 1",
            "source": {
                "nodeID": 0,
                "connectorIndex": 1
            },

            "dest": {
                "nodeID": 1,
                "connectorIndex": 2
            }
        },
        {
            "name":"Connection 1",
            "source": {
                "nodeID": 0,
                "connectorIndex": 0
            },

            "dest": {
                "nodeID": 1,
                "connectorIndex": 0
            }
        }

    ]
}